comuna;region;id_ubicacion
Aaronbury;Vermont;314
Aaronstad;Colorado;42
Aarontown;Rhode Island;52
Acevedohaven;Missouri;799
Adamfurt;Minnesota;739
Adamsland;Pennsylvania;820
Adamtown;Colorado;233
Adkinsfort;Arkansas;520
Adkinshaven;Utah;430
Alanstad;New York;581
Aliciabury;Colorado;849
Allenberg;Maine;480
Allenland;Hawaii;753
Alvarezfort;South Dakota;73
Alvarezfort;Minnesota;155
Alvarezshire;Nebraska;868
Amandashire;Vermont;384
Amyland;Rhode Island;756
Amyshire;Arkansas;28
Amyview;Texas;226
Andersonbury;New Jersey;467
Andersonview;North Dakota;914
Andreastad;New Jersey;283
Andrewbury;Texas;288
Angelachester;New Mexico;510
Angelaton;Idaho;303
Annamouth;Idaho;751
Annaport;California;442
Annebury;Colorado;725
Annetteberg;Wyoming;262
Anthonyside;Mississippi;132
Anthonyton;Illinois;878
Anthonytown;Alabama;902
Aprilfurt;Montana;874
Armstrongstad;Michigan;776
Ashleyport;North Dakota;659
Baileyville;Maryland;238
Ballmouth;Washington;209
Ballview;Wyoming;346
Barrettfort;Nevada;674
Bartonbury;Wisconsin;393
Batesview;Massachusetts;777
Beasleybury;Oregon;556
Beckerberg;West Virginia;806
Beckhaven;Nevada;202
Bellmouth;Indiana;452
Bellstad;Wisconsin;729
Bellton;New Hampshire;610
Bellville;South Dakota;762
Benjaminfurt;Georgia;688
Bennettmouth;Maryland;66
Bennettstad;Alabama;785
Bethanyview;Massachusetts;918
Bethhaven;South Carolina;431
Blakebury;Texas;629
Blakefort;Connecticut;154
Bradfordtown;Minnesota;246
Bradleyhaven;Maine;694
Bradleyland;Connecticut;847
Brandonshire;Pennsylvania;62
Brandontown;Rhode Island;660
Brandymouth;Virginia;374
Brayland;Alabama;790
Brennanfort;Utah;883
Brianside;California;582
Brittanyfort;Virginia;92
Brittanyport;New Hampshire;551
Brittneyborough;Maryland;542
Brooketon;New York;797
Brooksbury;South Dakota;49
Browningmouth;Connecticut;727
Brownview;Colorado;15
Butlerhaven;Georgia;408
Butlermouth;Wyoming;50
Calderonville;Maryland;286
Calvinton;California;296
Cameronmouth;Tennessee;529
Cameronside;Mississippi;884
Camposberg;Colorado;885
Cardenasfurt;Idaho;478
Carlsonstad;South Dakota;499
Carlville;Connecticut;193
Carmenville;Indiana;196
Carrollchester;Wyoming;236
Cartertown;New Hampshire;858
Caseyside;Wyoming;971
Castillochester;New Hampshire;642
Chadfort;Missouri;199
Chandlerbury;Maryland;927
Charlesfurt;Illinois;833
Charlesside;Kentucky;278
Chelseaville;Oklahoma;406
Cherylmouth;Hawaii;503
Christopherview;Wyoming;547
Christopherville;Ohio;507
Clarkbury;Iowa;111
Clarkshire;Arkansas;141
Clarktown;Minnesota;622
Clementsfort;New York;294
Clineburgh;Nevada;732
Clineview;North Dakota;323
Colemanville;Minnesota;36
Coltonmouth;Maryland;946
Connieport;Wyoming;205
Cooperville;Vermont;102
Craigmouth;Vermont;693
Cruzland;South Carolina;335
Crystalport;North Dakota;789
Curryshire;Colorado;879
Cynthiaville;Illinois;96
Danaport;North Dakota;933
Danielchester;Indiana;157
Daniellefurt;Indiana;524
Danielview;Maryland;126
Dannyfurt;Virginia;778
Davidborough;North Dakota;824
Davidburgh;Arkansas;451
Davidchester;New Jersey;271
Davidland;Nevada;723
Davidmouth;Alaska;127
Davidstad;Iowa;466
Davidton;Louisiana;239
Davidville;Texas;649
Davisburgh;Maryland;592
Davisshire;Connecticut;672
Davisshire;Utah;877
Deborahhaven;Montana;484
Deckerburgh;Missouri;811
Denisestad;Ohio;331
Dennisburgh;Delaware;966
Dixonfurt;North Dakota;640
Dominiqueborough;Indiana;432
Dorseyborough;Missouri;956
Douglastown;New York;428
Dukeburgh;Alabama;549
Duranland;Ohio;142
East Alejandrafort;Massachusetts;486
East Alex;Arizona;281
East Allen;Iowa;348
East Amybury;Massachusetts;412
East Andreabury;Pennsylvania;775
East April;Colorado;645
East Aprilside;South Dakota;287
East Brian;Kentucky;179
East Brianview;Iowa;371
East Bryanbury;Oregon;448
East Carmenberg;Florida;625
East Catherineborough;Alabama;513
East Charles;South Dakota;171
East Christina;New Mexico;682
East Christinastad;Mississippi;38
East Christine;North Dakota;700
East Christopher;South Dakota;304
East Christopherfort;Iowa;731
East Davidberg;Hawaii;75
East Dianatown;Oregon;225
East Edward;Oregon;103
East Ellenburgh;Washington;641
East George;Mississippi;11
East George;North Dakota;807
East Gregory;Louisiana;562
East Jacquelinefurt;Idaho;893
East Jennifermouth;Kentucky;496
East Jenniferview;Massachusetts;910
East Jesseton;Montana;149
East Jessica;New Mexico;116
East Jill;Maine;754
East Jodi;Colorado;443
East John;North Dakota;349
East Joseph;Pennsylvania;519
East Juan;New Jersey;905
East Julie;Michigan;594
East Kennethmouth;Oklahoma;493
East Lauramouth;Maine;804
East Lawrenceshire;Pennsylvania;327
East Lisa;New Hampshire;626
East Markton;Washington;153
East Matthew;Alaska;6
East Matthewbury;Alabama;9
East Megan;Wyoming;887
East Melissaburgh;Mississippi;213
East Michael;Montana;596
East Michael;California;982
East Michellestad;New Hampshire;544
East Nataliemouth;Alabama;888
East Nicole;Delaware;113
East Nicole;Tennessee;998
East Pamelafurt;Ohio;30
East Pamelafurt;Montana;309
East Paul;New York;285
East Paula;Iowa;872
East Paulburgh;Utah;19
East Ricardo;Delaware;344
East Samanthabury;Montana;395
East Shane;West Virginia;541
East Shawn;Idaho;235
East Shawnfort;North Dakota;557
East Shelbyport;Tennessee;490
East Stephanieside;Arizona;931
East Stephen;Hawaii;165
East Tannermouth;Kentucky;984
East Taraville;Kentucky;773
East Terry;Delaware;204
East Thomas;Pennsylvania;600
East Tiffany;Tennessee;55
East Tiffany;Vermont;663
East Veronicamouth;Utah;579
East William;Michigan;670
Edwardport;Florida;980
Edwardville;Washington;498
Elizabethburgh;California;780
Elizabethfort;New York;768
Emilyside;Texas;559
Ericburgh;Delaware;637
Ericton;Illinois;3
Ericville;Texas;821
Erinmouth;North Dakota;162
Estradaport;Idaho;716
Evansmouth;Vermont;786
Floresbury;Kentucky;587
Flynnfort;Kentucky;333
Foxberg;Oklahoma;567
Frankchester;Connecticut;411
Franklinville;North Dakota;509
Freemanland;Mississippi;699
Fuentesshire;Massachusetts;742
Garciaton;Wyoming;508
Georgechester;Oregon;117
Georgetown;Ohio;212
Gibsonchester;Massachusetts;377
Gilmorefort;Alaska;595
Gonzalesport;Idaho;368
Gonzalestown;Rhode Island;237
Gonzalezberg;Louisiana;603
Gonzalezland;Maryland;863
Goodmanhaven;Maryland;122
Goodmanshire;North Dakota;926
Graveshaven;California;952
Gregoryshire;Iowa;414
Griffinshire;Illinois;937
Grimesborough;Utah;919
Guerrerobury;Hawaii;899
Hahnshire;Montana;900
Hallport;Iowa;188
Harrisberg;Oregon;417
Harrisonfurt;Indiana;573
Haydenhaven;Washington;80
Haysburgh;New Mexico;627
Heathermouth;Ohio;306
Heatherview;Iowa;134
Henryshire;Vermont;621
Henrytown;Vermont;356
Hernandezside;Iowa;525
Hicksmouth;Georgia;463
Higginshaven;Washington;360
Hinesborough;Connecticut;955
Hoganmouth;Kentucky;612
Hollandstad;Kentucky;898
Hollowayport;Colorado;940
Hollychester;Michigan;130
Holmesshire;Maine;666
Huertaview;Illinois;652
Huffstad;Oklahoma;210
Hunterland;Indiana;332
Ianport;New York;981
Ianshire;Wisconsin;260
Ianside;South Dakota;553
Isaacburgh;Florida;56
Jacksonstad;Vermont;997
Jacobhaven;Kansas;958
Jacobsfort;Colorado;651
Jamesbury;Alabama;548
Jameschester;Hawaii;136
Janetchester;Nebraska;373
Jasmineshire;Oklahoma;222
Jasonberg;West Virginia;891
Jasonland;West Virginia;24
Jeantown;Idaho;129
Jefferyside;West Virginia;57
Jeffreyborough;Connecticut;434
Jenkinsmouth;Alabama;143
Jenniferhaven;Virginia;166
Jenniferhaven;Vermont;677
Jenniferview;Illinois;602
Jenningsport;New York;328
Jeremybury;Kentucky;191
Jeremyfurt;New Mexico;932
Jerryville;New Mexico;881
Jesseton;South Carolina;583
Jesseville;Alaska;846
Jessicachester;New Mexico;110
Jessicachester;Florida;825
Jillton;Arkansas;334
Johnport;Florida;845
Johnsburgh;Nevada;875
Johnsonbury;Mississippi;605
Johnsonchester;Iowa;895
Johnsonmouth;Ohio;355
Johnsonmouth;Hawaii;741
Johnsonmouth;Kansas;854
Johnsonshire;Illinois;26
Johnsonside;California;54
Johnsonside;West Virginia;240
Johnsonview;Hawaii;364
Jonathanfort;West Virginia;515
Jonathanmouth;Utah;485
Jonathanside;Kansas;810
Jonesfort;Delaware;440
Jonesland;Colorado;609
Jonesshire;Texas;197
Jonesview;Florida;170
Josephshire;South Carolina;570
Josetown;Connecticut;77
Joycemouth;Georgia;779
Juanhaven;Louisiana;253
Karenshire;North Dakota;300
Katherineside;Indiana;68
Kathleenshire;Connecticut;422
Keithburgh;Mississippi;248
Kevinborough;South Carolina;282
Kevinton;Massachusetts;242
Kimberg;Nebraska;783
Kimberg;Michigan;992
Kimberlyshire;Iowa;534
Kimtown;Wisconsin;119
Kingtown;Alabama;928
Kirkberg;Rhode Island;44
Krauseborough;Maine;794
Kristinstad;Alabama;345
Krystalside;Georgia;517
Lake Aaron;New Jersey;425
Lake Aliciamouth;Montana;12
Lake Andrea;Colorado;708
Lake Andrew;Mississippi;748
Lake Andrewshire;Ohio;892
Lake Angela;Connecticut;462
Lake Angela;New Hampshire;834
Lake Angelabury;Illinois;298
Lake Ashleymouth;Florida;942
Lake Benjamin;Illinois;292
Lake Brettville;Nebraska;873
Lake Brookeburgh;Kansas;20
Lake Cameronville;Pennsylvania;336
Lake Cassandra;Louisiana;744
Lake Cathyburgh;Tennessee;386
Lake Charles;North Dakota;962
Lake Christopher;Kansas;713
Lake Cristianstad;Rhode Island;852
Lake Danny;South Dakota;979
Lake Dannyville;Louisiana;343
Lake Dawnview;North Carolina;505
Lake Derektown;New York;137
Lake Dianetown;Washington;585
Lake Ebony;Hawaii;45
Lake Eric;Georgia;280
Lake Erikburgh;South Carolina;445
Lake Gary;Minnesota;759
Lake Heathershire;West Virginia;339
Lake Jacobville;New Jersey;829
Lake James;New York;636
Lake Jameshaven;Maryland;954
Lake Jamie;Iowa;47
Lake Jamie;Colorado;961
Lake Jennifer;Texas;121
Lake Jesse;New Mexico;550
Lake Jessica;Colorado;959
Lake Jessicaborough;Idaho;441
Lake Jodimouth;Vermont;798
Lake Josemouth;Maine;244
Lake Juliashire;New York;665
Lake Julie;Alabama;705
Lake Justinstad;Iowa;465
Lake Katie;Wisconsin;358
Lake Kelly;California;421
Lake Kelly;Alaska;446
Lake Kenneth;Pennsylvania;500
Lake Kristen;Washington;190
Lake Kristen;Utah;720
Lake Lisa;South Dakota;537
Lake Margaret;Texas;591
Lake Mariahaven;Delaware;989
Lake Meghan;New Mexico;650
Lake Michael;Mississippi;635
Lake Michaelbury;Alabama;580
Lake Michaelland;Virginia;302
Lake Michelle;Maine;172
Lake Michelle;New York;589
Lake Michelleport;Alaska;538
Lake Mirandamouth;North Dakota;765
Lake Mitchell;Montana;618
Lake Natalietown;Pennsylvania;601
Lake Nicholasfort;Utah;399
Lake Nicoleberg;Montana;198
Lake Nicoleburgh;New Mexico;1
Lake Pamelashire;Nebraska;459
Lake Patricia;Rhode Island;934
Lake Patrick;Minnesota;78
Lake Raymond;Kansas;410
Lake Rebecca;Oklahoma;180
Lake Richardberg;Kansas;704
Lake Robertville;Arizona;653
Lake Robin;Colorado;133
Lake Ryan;Illinois;125
Lake Ryan;Montana;342
Lake Ryan;Rhode Island;575
Lake Ryan;Mississippi;734
Lake Ryanbury;Massachusetts;817
Lake Samanthaborough;Maine;418
Lake Shellyfurt;Massachusetts;25
Lake Stacyhaven;Maryland;915
Lake Steven;Texas;512
Lake Stevenhaven;Idaho;460
Lake Tammy;New Jersey;307
Lake Terri;Colorado;758
Lake Tiffany;New Jersey;337
Lake Timothy;Texas;696
Lake Travis;Maryland;698
Lake Victoriafort;North Carolina;400
Lake Wendybury;Kentucky;419
Lake William;Tennessee;245
Lake William;Alaska;308
Lake William;Delaware;375
Lake William;Wisconsin;487
Lake William;Virginia;787
Lake William;California;853
Lake Zachary;Pennsylvania;310
Lambberg;Florida;390
Larafort;Oregon;988
Larsonfort;North Carolina;646
Laurenchester;South Carolina;835
Laurenmouth;Hawaii;935
Leeberg;Alabama;967
Leeport;Utah;420
Leeport;Colorado;901
Leeshire;Nevada;788
Leestad;Indiana;195
Lesliestad;Wisconsin;680
Lewisfort;New Mexico;145
Lewishaven;Maryland;782
Lindaborough;Iowa;39
Lindaville;South Carolina;566
Lisamouth;Wisconsin;189
Longbury;Hawaii;689
Longport;Maryland;220
Longshire;Arizona;565
Lopezborough;Nevada;947
Lopezburgh;Idaho;809
Lopezmouth;Missouri;628
Lucasberg;Hawaii;870
Luismouth;Mississippi;960
Madisonside;Connecticut;297
Mannchester;South Dakota;450
Margaretview;Kentucky;263
Mariatown;Nevada;109
Mariestad;Massachusetts;473
Markberg;Maine;691
Marquezmouth;Kentucky;808
Maryfort;Indiana;270
Maryside;Iowa;169
Masonfurt;South Dakota;315
Masonhaven;South Dakota;983
Masseyborough;Oklahoma;351
Matthewborough;Maine;711
Matthewchester;Kentucky;690
Matthewmouth;New York;837
Matthewshire;Alaska;964
Mccalltown;Colorado;965
Mccoyberg;South Dakota;968
Mckenziestad;Iowa;623
Melaniehaven;Idaho;907
Melissamouth;New Jersey;65
Melissaside;Washington;913
Meyerville;New Hampshire;89
Michaelchester;Nevada;261
Michaelmouth;Louisiana;72
Michaelstad;Virginia;290
Michaelstad;Alabama;514
Michaelton;Idaho;856
Michaeltown;Alabama;838
Micheleberg;Arizona;404
Michellefort;Maryland;658
Millerland;Alabama;295
Mitchellmouth;Florida;144
Monicaland;Oklahoma;51
Moodymouth;Missouri;457
Mooreburgh;Vermont;719
Mooreport;Alabama;936
Mooreside;Maryland;657
Moralesview;Georgia;593
Morganfurt;Oklahoma;168
Morrisonberg;Alabama;131
Morrisside;New Jersey;867
Morrisstad;Virginia;192
Murphyborough;Oklahoma;105
Murphychester;Wisconsin;620
Murphyside;Alaska;90
Myersbury;Georgia;598
Nathanton;Wyoming;871
Nathanville;Missouri;268
Nealchester;Hawaii;123
New Alanport;Nebraska;115
New Alexisborough;Indiana;685
New Andrew;North Carolina;27
New Angelica;Arizona;669
New Ann;Michigan;183
New Ashley;Hawaii;531
New Benjamin;Minnesota;93
New Blake;North Dakota;138
New Brandiberg;Hawaii;830
New Brianburgh;West Virginia;256
New Christyfurt;Vermont;407
New Darryl;Nevada;396
New Dawntown;Wisconsin;860
New Dennis;Oregon;187
New Dennis;Kansas;301
New Dennisport;Idaho;18
New Donnatown;Arizona;862
New Gregoryport;North Carolina;552
New Jacob;Alaska;606
New Jacob;Virginia;678
New Jacquelineview;Utah;317
New James;Indiana;617
New James;Washington;630
New Jean;North Dakota;350
New Jenniferburgh;Minnesota;709
New Jeremy;Illinois;970
New Jeremyview;Washington;969
New Johnport;New Jersey;98
New Johnview;California;611
New Jorge;Wisconsin;683
New Joseph;North Dakota;715
New Karen;South Carolina;58
New Kelly;Michigan;16
New Kellyshire;Alaska;889
New Kristen;Alabama;31
New Laura;North Carolina;760
New Lauren;Florida;120
New Lorishire;Iowa;472
New Mary;Louisiana;37
New Maryfurt;Hawaii;976
New Matthew;Louisiana;494
New Michael;New Hampshire;471
New Michael;Alaska;648
New Michaeltown;Tennessee;643
New Pedro;Iowa;816
New Peggymouth;Hawaii;41
New Randallfort;Colorado;186
New Robertfurt;Illinois;173
New Robertmouth;Mississippi;616
New Sarahside;Oregon;655
New Sophia;Florida;372
New Stacy;Wisconsin;178
New Stephanieville;Wyoming;320
New Stevenbury;Utah;502
New Tamaraville;Rhode Island;124
New Theresatown;Missouri;532
New Timothyville;South Carolina;83
New Wendy;Florida;35
New Wendybury;Wyoming;318
Newmanport;New Mexico;252
Nicholstown;Illinois;718
Nicolechester;Georgia;277
Nicoleside;South Carolina;668
Norrisbury;South Dakota;214
North Amanda;Missouri;540
North Andrea;North Dakota;740
North Angelaborough;Rhode Island;258
North Anthony;Oklahoma;321
North Antoniotown;Utah;986
North Brian;Rhode Island;831
North Carlos;Wisconsin;819
North Catherinetown;South Dakota;586
North Daniel;Utah;822
North David;New Mexico;230
North Davidberg;Utah;468
North Elizabethshire;New Hampshire;604
North Ethanland;Washington;599
North Hayleytown;Arizona;194
North Jasonbury;Alaska;433
North Johnberg;South Carolina;67
North Jonathanside;Kentucky;632
North Justin;Iowa;241
North Karenchester;Utah;291
North Kathleen;Oregon;832
North Kelly;Kansas;684
North Kendrashire;West Virginia;695
North Kennethchester;Maine;714
North Kennethland;Maine;813
North Kevin;Arizona;675
North Larry;California;140
North Laura;Alabama;84
North Laurentown;Missouri;378
North Linda;Tennessee;865
North Lindaton;Kentucky;840
North Lisa;Wyoming;978
North Matthew;North Dakota;897
North Monicaview;New Jersey;147
North Paul;Delaware;71
North Rhonda;Georgia;40
North Sarah;Ohio;135
North Sharon;Missouri;476
North Shawn;Missouri;228
North Shawna;Florida;387
North Stephen;Kansas;464
North Stephenshire;Minnesota;159
North Stevenmouth;Nevada;338
North Susan;South Dakota;59
North Tammy;South Carolina;489
North Timothystad;Massachusetts;203
North Tyler;Vermont;340
North Tylerton;Michigan;558
North Virginia;California;526
North Wandachester;Kansas;963
North Wandafort;Arizona;802
North Wendyland;Nebraska;322
North William;Iowa;416
North William;Nevada;492
Oconnellburgh;Louisiana;770
Omarmouth;Mississippi;5
Ortegamouth;Kentucky;104
Osbornestad;Ohio;728
Patrickshire;Wyoming;108
Pattersonport;Maryland;436
Pattersonstad;Montana;326
Perezberg;Tennessee;2
Perezburgh;Delaware;234
Perezville;Oregon;64
Perryburgh;New Mexico;922
Petermouth;Minnesota;576
Piercebury;Wisconsin;707
Poolefurt;Rhode Island;597
Port Alyssa;Rhode Island;943
Port April;Pennsylvania;319
Port Austinton;Pennsylvania;477
Port Benjamin;Colorado;184
Port Beth;Maine;951
Port Bethany;New Mexico;74
Port Bradleymouth;Iowa;607
Port Briana;California;977
Port Charlesborough;Kansas;370
Port Christine;Utah;79
Port Christopher;New Jersey;923
Port Daniel;Florida;975
Port Darleneland;Utah;909
Port Davidfurt;North Dakota;34
Port Derek;South Dakota;644
Port Edwardfort;Colorado;218
Port Elizabeth;Connecticut;217
Port Garyhaven;Nevada;886
Port Gavin;Utah;389
Port Gregorychester;Oregon;929
Port Heathertown;Nevada;185
Port Heidistad;Iowa;569
Port Jacqueline;Arkansas;812
Port James;Pennsylvania;722
Port Jamesside;Delaware;483
Port Jameston;Arizona;403
Port Jasonborough;New York;481
Port Jeremy;Colorado;269
Port Jessica;Delaware;82
Port Joel;Pennsylvania;427
Port John;Colorado;456
Port John;Arizona;784
Port John;Michigan;939
Port Johnton;North Carolina;560
Port Jonathan;Arizona;501
Port Joshuatown;Ohio;495
Port Keith;Vermont;941
Port Kellymouth;California;757
Port Kennethside;Mississippi;654
Port Kevinborough;Maryland;662
Port Kylieville;Montana;293
Port Lindaport;Indiana;63
Port Lindseyland;Hawaii;46
Port Lisafort;California;94
Port Lori;Louisiana;81
Port Lori;New Hampshire;381
Port Lucasview;South Dakota;231
Port Makaylachester;North Dakota;793
Port Martinburgh;North Carolina;857
Port Michael;Arkansas;924
Port Natalieton;Oklahoma;545
Port Phillipbury;Oregon;855
Port Rhondastad;Georgia;568
Port Richard;Georgia;539
Port Ronald;Utah;70
Port Sarahfurt;New Mexico;518
Port Scotttown;Hawaii;376
Port Shannonborough;South Carolina;814
Port Sharon;Rhode Island;353
Port Steveland;Oklahoma;341
Port Steven;Iowa;264
Port Stevenstad;Maryland;424
Port Stevenview;Idaho;866
Port Susan;Alabama;533
Port Susan;New Hampshire;767
Port Theresa;Maryland;746
Port Tiffanyside;Indiana;673
Port Timothy;New Jersey;763
Port Timothyshire;Alabama;795
Port Victoriahaven;Missouri;289
Port Victorville;Colorado;761
Port Wesley;North Carolina;164
Port Zachary;Virginia;805
Ramirezmouth;Kansas;536
Ramosburgh;Oregon;272
Raymondton;Vermont;721
Rayton;North Carolina;679
Rebeccaberg;New Mexico;118
Rebeccafurt;Alaska;366
Reidside;Hawaii;911
Richardchester;New Jersey;174
Richardmouth;Michigan;543
Richardsonborough;Oklahoma;409
Richardsonchester;North Dakota;255
Riosfort;Pennsylvania;555
Riveraborough;Massachusetts;367
Riveraton;Oregon;818
Robertborough;Idaho;647
Robertmouth;New Hampshire;523
Robertport;Alaska;429
Robertsstad;West Virginia;577
Robinsonland;Nebraska;995
Robinsonside;Hawaii;750
Rodneyside;South Dakota;482
Rodriguezberg;Oregon;13
Rodriguezborough;Texas;908
Rodriguezbury;New York;247
Rodriguezfurt;Nebraska;365
Rodriguezside;Nevada;361
Rodriguezside;Florida;363
Rodriguezton;Tennessee;398
Rogersfurt;Nebraska;671
Roseberg;Connecticut;8
Royville;Louisiana;99
Rubenton;Texas;330
Russellmouth;Arizona;738
Russellmouth;Iowa;944
Samanthashire;New Hampshire;276
Samuelhaven;Nebraska;221
Sanchezhaven;Oklahoma;530
Santanatown;Kentucky;624
Sarahberg;Utah;461
Sarahchester;Vermont;273
Sarahhaven;Iowa;781
Sarahton;Oklahoma;639
Schmidthaven;Colorado;903
Schultzfurt;Delaware;749
Sellersbury;Kansas;800
Sextonchester;Illinois;546
Shannonhaven;Kentucky;316
Sharonchester;Iowa;257
Shawnberg;Vermont;516
Sheliafort;California;747
Sherrymouth;Hawaii;994
Sherryside;Idaho;563
Sheryltown;Virginia;656
Simmonsview;Nevada;774
Simpsontown;Minnesota;265
Sloanport;Maine;491
Smithborough;New Jersey;357
Smithhaven;Oklahoma;528
South Abigail;Ohio;249
South Alanside;Maine;561
South Alexandra;Tennessee;827
South Alexandrahaven;Florida;112
South Amandashire;Georgia;506
South Amber;Mississippi;29
South Andrewstad;Mississippi;167
South Barry;Wyoming;455
South Blake;Virginia;402
South Bob;Arizona;737
South Briannashire;Utah;152
South Brittanyton;Nebraska;352
South Carriestad;New Hampshire;329
South Charlesland;Arkansas;426
South Christina;Utah;521
South Christopherfort;Texas;950
South Cindymouth;Idaho;535
South Codychester;Utah;474
South Corymouth;Alaska;736
South Cynthiaside;Rhode Island;107
South Dawnside;Alaska;176
South Debbie;Louisiana;791
South Dianaborough;Indiana;207
South Dominic;Missouri;869
South Donaldtown;West Virginia;158
South Felicia;New Hampshire;631
South Greg;Kentucky;916
South Gregory;California;208
South Jaimeland;Oregon;453
South Jasonside;Maryland;100
South Jeffreyfurt;New Jersey;439
South Jennifer;Idaho;876
South Jerry;Wyoming;17
South Joseph;Michigan;413
South Joshua;New York;661
South Juan;Nebraska;706
South Justinfort;West Virginia;815
South Katrinashire;Idaho;921
South Kelly;Idaho;219
South Kennethport;Louisiana;726
South Kennethtown;California;311
South Kennethville;Colorado;619
South Kimberly;Arkansas;177
South Kimberly;Oklahoma;359
South Lisa;Vermont;449
South Lisa;Massachusetts;733
South Marc;Minnesota;844
South Maria;South Dakota;43
South Mark;Maryland;792
South Mark;Kansas;796
South Melissaburgh;Arkansas;574
South Michael;Pennsylvania;686
South Michael;Maine;745
South Michaelstad;Indiana;106
South Michelleshire;Arkansas;415
South Olivia;Colorado;160
South Paul;Missouri;633
South Raymondville;Vermont;206
South Reginaldmouth;Wisconsin;279
South Reneeshire;Oklahoma;10
South Samanthahaven;Oregon;703
South Samuelhaven;Texas;211
South Sandrabury;Hawaii;151
South Shawnaport;Utah;588
South Sherry;Kansas;938
South Stephanie;Idaho;312
South Stephanieborough;Kentucky;973
South Steven;Louisiana;251
South Steven;Mississippi;362
South Suzanne;Ohio;324
South Tammyberg;Idaho;634
South Tanyatown;Washington;912
South Timothyberg;Vermont;755
South Tinachester;Louisiana;488
South Valerie;Kentucky;150
South Victormouth;California;148
South William;Tennessee;284
South Zacharyport;Idaho;848
Staceystad;Maine;53
Starkberg;Rhode Island;504
Steeleville;Virginia;95
Stephanieport;California;91
Stephaniestad;Pennsylvania;114
Stephaniestad;Missouri;369
Stephensonburgh;Kentucky;676
Stephenview;Connecticut;391
Stephenview;South Carolina;972
Stevenborough;Hawaii;444
Stevenmouth;Alaska;987
Stevenstad;Washington;48
Stonebury;Alabama;469
Stonefurt;Kentucky;803
Tabithamouth;New Mexico;511
Tamarashire;Arkansas;851
Tammyville;North Carolina;842
Taraton;Alaska;996
Taylormouth;Wyoming;394
Taylorport;California;275
Thomasside;North Dakota;259
Thompsonbury;Idaho;991
Thompsonfurt;Tennessee;347
Tiffanyburgh;Pennsylvania;904
Timothybury;Idaho;201
Timothyside;Mississippi;21
Tinachester;Hawaii;953
Tinaview;Hawaii;97
Toddchester;Tennessee;841
Toddstad;Kansas;163
Tonimouth;Georgia;880
Torresburgh;Mississippi;146
Transtad;Missouri;139
Troybury;Louisiana;843
Vanessabury;North Carolina;890
Vaughanport;Alabama;681
Vegashire;New Mexico;88
Vincentborough;Connecticut;243
Wagnerburgh;Wisconsin;447
Walkerborough;Arizona;227
Walkerland;North Dakota;554
Walkerstad;Idaho;224
Wallaceport;Oregon;578
Wallland;Colorado;717
Walterfort;Ohio;4
Waltershire;Oregon;638
Wangborough;Ohio;254
Wattsbury;Vermont;69
Webbville;South Carolina;861
Wendyville;Indiana;61
West Alexside;Montana;667
West Allison;Hawaii;475
West Allisonfort;Illinois;712
West Amandashire;Delaware;917
West Amber;Alabama;572
West Amy;Ohio;692
West April;Georgia;990
West Ashley;Louisiana;182
West Barbara;South Carolina;354
West Betty;Georgia;101
West Brian;Texas;697
West Brian;Illinois;823
West Brittanyberg;Oklahoma;945
West Chelseaport;Iowa;687
West Christina;Oklahoma;828
West Christopher;Michigan;299
West Christopherton;New Hampshire;383
West Cindy;Wisconsin;743
West Courtneystad;Michigan;385
West Crystal;Florida;896
West Dana;New York;882
West Daniel;Nevada;250
West Daniellefort;South Carolina;826
West Danielton;Delaware;458
West Deannaview;California;769
West Dennis;Georgia;33
West Donald;Louisiana;702
West Edward;New Hampshire;724
West Erica;Michigan;325
West Erin;Maine;522
West Gabrielhaven;Nebraska;438
West Isabelville;West Virginia;906
West Jacobside;Indiana;405
West James;Montana;266
West Jaredside;California;564
West Jasonmouth;Iowa;216
West Jeffreyborough;New Hampshire;397
West Jennifer;New Hampshire;274
West Jenniferborough;California;232
West Jennifertown;Tennessee;497
West Jennyborough;Nevada;957
West Jermaine;South Dakota;305
West Jerryfurt;Wisconsin;200
West Jessica;Nevada;752
West Joannaburgh;Utah;920
West Johnmouth;Montana;181
West Jonathan;North Dakota;382
West Jonathanshire;Massachusetts;701
West Jonathanville;Florida;615
West Josephhaven;West Virginia;437
West Justinborough;Utah;864
West Justinburgh;Kansas;839
West Justinside;Tennessee;985
West Karentown;Arkansas;229
West Lesliefurt;Pennsylvania;527
West Lindaborough;Massachusetts;735
West Lucasmouth;West Virginia;22
West Marcus;New Mexico;32
West Mary;Texas;710
West Matthewchester;Michigan;608
West Melissatown;Arizona;470
West Michael;North Carolina;7
West Michael;Louisiana;23
West Michael;Virginia;454
West Michael;West Virginia;925
West Nancy;Mississippi;850
West Nicolefort;Arkansas;664
West Pamela;Wyoming;175
West Patricia;Illinois;479
West Patricia;Arkansas;836
West Patriciaborough;Pennsylvania;894
West Patrickton;Kentucky;392
West Rachel;North Dakota;930
West Rebeccaberg;Texas;86
West Rebeccaport;Mississippi;14
West Rebekah;Georgia;571
West Robert;Massachusetts;584
West Ronaldhaven;Indiana;613
West Samanthaland;Wisconsin;85
West Sara;Colorado;223
West Sarah;Maryland;859
West Shawntown;Massachusetts;435
West Stacymouth;Kansas;267
West Stephanie;New Hampshire;87
West Stephanie;Florida;401
West Susan;West Virginia;974
West Sylviahaven;Wyoming;161
West Todd;Wisconsin;801
West Tyler;New Mexico;60
Whitefurt;Pennsylvania;730
Wilcoxside;Hawaii;215
Williamland;Montana;380
Williamshire;Alaska;772
Williamsshire;Kansas;76
Williamsshire;New Jersey;949
Williamstown;Alaska;388
Williamstown;Arkansas;766
Williamsview;Utah;614
Williamview;Maryland;379
Wilsonborough;Connecticut;156
Wilsonburgh;Colorado;764
Wilsonmouth;Mississippi;590
Wilsonstad;Mississippi;128
Wolfview;Alaska;771
Woodfurt;Alaska;313
Wrightfort;West Virginia;948
Wrightview;Utah;993
Youngberg;North Dakota;423