Michaelstad;Virginia
Port Davidfurt;North Dakota
Port Christine;Utah
South Marc;Minnesota
Lake Travis;Maryland
West Erica;Michigan
Ramirezmouth;Kansas
Wrightview;Utah
Aaronbury;Vermont
Carlsonstad;South Dakota
South Steven;Louisiana
South Charlesland;Arkansas
South Samanthahaven;Oregon
Jeremyfurt;New Mexico
Madisonside;Connecticut
Murphychester;Wisconsin
Lake Robin;Colorado
Ramosburgh;Oregon
Lake Andrea;Colorado
West Jasonmouth;Iowa
Robinsonside;Hawaii
East Pamelafurt;Ohio
North Jasonbury;Alaska
South Michael;Pennsylvania
Port April;Pennsylvania
South Zacharyport;Idaho
North Lisa;Wyoming
Carlville;Connecticut
South Kelly;Idaho
Sanchezhaven;Oklahoma
Sharonchester;Iowa
Jacobsfort;Colorado
Toddstad;Kansas
Johnport;Florida
Osbornestad;Ohio
Dorseyborough;Missouri
North Davidberg;Utah
Lake Jessicaborough;Idaho
East Brian;Kentucky
Sextonchester;Illinois
East Taraville;Kentucky
West Erin;Maine
North William;Iowa
Waltershire;Oregon
West Jonathanville;Florida
Williamstown;Alaska
West Danielton;Delaware
Brittneyborough;Maryland
New Karen;South Carolina
Lopezmouth;Missouri
West Lesliefurt;Pennsylvania
Foxberg;Oklahoma
Lake Aaron;New Jersey
Brownview;Colorado
East Nicole;Delaware
New James;Washington
South Tanyatown;Washington
Port Edwardfort;Colorado
Lake Charles;North Dakota
Port Johnton;North Carolina
Clineburgh;Nevada
Adkinsfort;Arkansas
Bellville;South Dakota
West Brian;Illinois
East Allen;Iowa
Karenshire;North Dakota
Wallaceport;Oregon
Kingtown;Alabama
Jenniferhaven;Vermont
Port Ronald;Utah
South Corymouth;Alaska
Hoganmouth;Kentucky
New Andrew;North Carolina
Johnsonview;Hawaii
New Ashley;Hawaii
Janetchester;Nebraska
West Patriciaborough;Pennsylvania
Jacobhaven;Kansas
Lake Ryan;Rhode Island
West Michael;North Carolina
Brittanyport;New Hampshire
New Jenniferburgh;Minnesota
Johnsonmouth;Ohio
North Shawn;Missouri
Sheliafort;California
South Cynthiaside;Rhode Island
Jenningsport;New York
Christopherville;Ohio
Lake William;Delaware
Riosfort;Pennsylvania
West Mary;Texas
Alanstad;New York
Sheryltown;Virginia
Morrisstad;Virginia
Leeport;Utah
Lake Nicoleberg;Montana
Masseyborough;Oklahoma
Coltonmouth;Maryland
Thompsonbury;Idaho
South Tinachester;Louisiana
South Justinfort;West Virginia
South William;Tennessee
New Jeremyview;Washington
Simpsontown;Minnesota
Ianport;New York
New Wendybury;Wyoming
Clementsfort;New York
South Maria;South Dakota
Amyshire;Arkansas
New Dennis;Kansas
East Shelbyport;Tennessee
Danielview;Maryland
Lake Cathyburgh;Tennessee
Lake Justinstad;Iowa
Royville;Louisiana
New Randallfort;Colorado
South Kimberly;Oklahoma
Lake Benjamin;Illinois
Harrisonfurt;Indiana
Aarontown;Rhode Island
Perezberg;Tennessee
Moralesview;Georgia
West Justinborough;Utah
East April;Colorado
Rodneyside;South Dakota
East John;North Dakota
Melissamouth;New Jersey
Lake Kristen;Utah
Port James;Pennsylvania
West Shawntown;Massachusetts
Piercebury;Wisconsin
Hernandezside;Iowa
Port Scotttown;Hawaii
Lake Samanthaborough;Maine
Longshire;Arizona
Anthonytown;Alabama
Calvinton;California
Lake Michaelbury;Alabama
Lake Jennifer;Texas
Williamview;Maryland
Jasonberg;West Virginia
Lake Ebony;Hawaii
Russellmouth;Arizona
Lake Michelle;New York
Reidside;Hawaii
Gibsonchester;Massachusetts
Newmanport;New Mexico
Cartertown;New Hampshire
Bellton;New Hampshire
Blakefort;Connecticut
Lake Christopher;Kansas
Heathermouth;Ohio
Port Phillipbury;Oregon
Port Alyssa;Rhode Island
Lake Jesse;New Mexico
Annamouth;Idaho
South Michaelstad;Indiana
Graveshaven;California
South Joseph;Michigan
Stephaniestad;Pennsylvania
Nicolechester;Georgia
Lake William;California
Williamstown;Arkansas
East Jodi;Colorado
East Andreabury;Pennsylvania
South Jennifer;Idaho
Brennanfort;Utah
Lake William;Tennessee
Sarahchester;Vermont
New Jean;North Dakota
East Christinastad;Mississippi
New Stephanieville;Wyoming
East Matthewbury;Alabama
New Dennis;Oregon
Lake William;Wisconsin
Chelseaville;Oklahoma
Lake Dawnview;North Carolina
Samuelhaven;Nebraska
Davidmouth;Alaska
West Daniellefort;South Carolina
Lake Mitchell;Montana
Gonzalezberg;Louisiana
East Shawnfort;North Dakota
East Joseph;Pennsylvania
Angelachester;New Mexico
Butlerhaven;Georgia
Stonefurt;Kentucky
New Lauren;Florida
Lake Jamie;Iowa
Anthonyside;Mississippi
New Theresatown;Missouri
Rogersfurt;Nebraska
Annetteberg;Wyoming
Bethanyview;Massachusetts
Webbville;South Carolina
Lake Kelly;Alaska
Ericburgh;Delaware
Kevinton;Massachusetts
Joycemouth;Georgia
Brooksbury;South Dakota
Port Richard;Georgia
West Barbara;South Carolina
Riveraborough;Massachusetts
Wagnerburgh;Wisconsin
Port Heidistad;Iowa
Jonathanmouth;Utah
West Patricia;Arkansas
South Melissaburgh;Arkansas
Lake Jessica;Colorado
Murphyside;Alaska
New Wendy;Florida
North Monicaview;New Jersey
Johnsonshire;Illinois
Kristinstad;Alabama
South Alanside;Maine
North Amanda;Missouri
New Johnview;California
South Felicia;New Hampshire
East Melissaburgh;Mississippi
West Ronaldhaven;Indiana
Williamshire;Alaska
West Deannaview;California
East Kennethmouth;Oklahoma
East George;North Dakota
Port Keith;Vermont
East Lisa;New Hampshire
New Kristen;Alabama
Port Susan;New Hampshire
Lake Stacyhaven;Maryland
Franklinville;North Dakota
Lambberg;Florida
North Justin;Iowa
West Sylviahaven;Wyoming
East Aprilside;South Dakota
Jessicachester;New Mexico
Port Kylieville;Montana
East Megan;Wyoming
Leestad;Indiana
Mccalltown;Colorado
Nathanton;Wyoming
Cherylmouth;Hawaii
Lewishaven;Maryland
Michaeltown;Alabama
Richardsonchester;North Dakota
Gonzalezland;Maryland
Wattsbury;Vermont
East Stephen;Hawaii
Mckenziestad;Iowa
East Thomas;Pennsylvania
Tinachester;Hawaii
Harrisberg;Oregon
Alvarezfort;Minnesota
Marquezmouth;Kentucky
Raymondton;Vermont
Carrollchester;Wyoming
Thompsonfurt;Tennessee
Jameschester;Hawaii
Jonesview;Florida
Port Elizabeth;Connecticut
Port Timothyshire;Alabama
Edwardport;Florida
West Jaredside;California
Smithhaven;Oklahoma
Kirkberg;Rhode Island
Lucasberg;Hawaii
Robertsstad;West Virginia
Jenkinsmouth;Alabama
Rebeccaberg;New Mexico
North Sharon;Missouri
Lesliestad;Wisconsin
Jillton;Arkansas
North Matthew;North Dakota
Port Joel;Pennsylvania
New Darryl;Nevada
Lake Dianetown;Washington
Camposberg;Colorado
East Shane;West Virginia
West Chelseaport;Iowa
Port John;Arizona
Katherineside;Indiana
Richardmouth;Michigan
Bartonbury;Wisconsin
South Steven;Mississippi
Richardsonborough;Oklahoma
Jasmineshire;Oklahoma
New Ann;Michigan
Schmidthaven;Colorado
Lake William;Alaska
West Christopher;Michigan
Lake Timothy;Texas
Wrightfort;West Virginia
Sloanport;Maine
East Terry;Delaware
West Rachel;North Dakota
East Dianatown;Oregon
West Stephanie;Florida
East Brianview;Iowa
West Todd;Wisconsin
East Samanthabury;Montana
South Dominic;Missouri
Douglastown;New York
Andreastad;New Jersey
West Rebeccaport;Mississippi
West Jonathan;North Dakota
West James;Montana
Nealchester;Hawaii
Port Wesley;North Carolina
New Robertmouth;Mississippi
Davisshire;Utah
Tinaview;Hawaii
South Christopherfort;Texas
East Catherineborough;Alabama
Ballview;Wyoming
Maryside;Iowa
Lake Dannyville;Louisiana
South Sandrabury;Hawaii
Lake Juliashire;New York
Nicholstown;Illinois
West Nancy;Mississippi
Vaughanport;Alabama
Port Gregorychester;Oregon
Davidstad;Iowa
South Kimberly;Arkansas
Acevedohaven;Missouri
Beckhaven;Nevada
Port Victoriahaven;Missouri
South Amber;Mississippi
North Wendyland;Nebraska
Gregoryshire;Iowa
South Codychester;Utah
West Dana;New York
Monicaland;Oklahoma
South Shawnaport;Utah
South Jaimeland;Oregon
Taylormouth;Wyoming
West Stephanie;New Hampshire
Tiffanyburgh;Pennsylvania
Johnsonside;California
West Johnmouth;Montana
East Edward;Oregon
West Jacobside;Indiana
Davisburgh;Maryland
South Donaldtown;West Virginia
Lake Cassandra;Louisiana
West Michael;Louisiana
Lewisfort;New Mexico
Bennettmouth;Maryland
Toddchester;Tennessee
Longport;Maryland
Lisamouth;Wisconsin
Port Zachary;Virginia
Davidville;Texas
Mooreport;Alabama
East Lauramouth;Maine
Nicoleside;South Carolina
West Allisonfort;Illinois
West Jennifer;New Hampshire
Lake Andrew;Mississippi
New Dawntown;Wisconsin
South Kennethville;Colorado
Port Bradleymouth;Iowa
East Julie;Michigan
North Johnberg;South Carolina
Georgechester;Oregon
East Shawn;Idaho
Wilsonstad;Mississippi
West Marcus;New Mexico
Timothybury;Idaho
New Angelica;Arizona
Gonzalestown;Rhode Island
Port Lisafort;California
Lake Ryan;Montana
Rodriguezbury;New York
New Christyfurt;Vermont
Brittanyfort;Virginia
Lake Tammy;New Jersey
West Crystal;Florida
South Jerry;Wyoming
South Katrinashire;Idaho
Fuentesshire;Massachusetts
Lake Rebecca;Oklahoma
South Abigail;Ohio
South Lisa;Vermont
Roseberg;Connecticut
Sellersbury;Kansas
New Lorishire;Iowa
Chadfort;Missouri
New Pedro;Iowa
West Samanthaland;Wisconsin
West Joannaburgh;Utah
Longbury;Hawaii
Tamarashire;Arkansas
West Amandashire;Delaware
Ianshire;Wisconsin
South Alexandra;Tennessee
Lake Kelly;California
West Sarah;Maryland
South Jasonside;Maryland
South Dawnside;Alaska
New Michaeltown;Tennessee
West Daniel;Nevada
Dennisburgh;Delaware
New Matthew;Louisiana
Port Stevenview;Idaho
North Stevenmouth;Nevada
Lake Victoriafort;North Carolina
South Stephanieborough;Kentucky
West Patrickton;Kentucky
Kimberg;Nebraska
New Robertfurt;Illinois
Jamesbury;Alabama
Port Theresa;Maryland
New Blake;North Dakota
New Sophia;Florida
East Paulburgh;Utah
Huffstad;Oklahoma
New Tamaraville;Rhode Island
West Donald;Louisiana
Lake Derektown;New York
Clineview;North Dakota
North Hayleytown;Arizona
West Justinburgh;Kansas
Williamsview;Utah
Lake Nicholasfort;Utah
Johnsonmouth;Kansas
Lake Katie;Wisconsin
North Susan;South Dakota
South Kennethtown;California
West Brittanyberg;Oklahoma
Daniellefurt;Indiana
North Wandachester;Kansas
South Mark;Kansas
Jefferyside;West Virginia
Baileyville;Maryland
South Reneeshire;Oklahoma
Wilsonburgh;Colorado
Lake Shellyfurt;Massachusetts
Port Sarahfurt;New Mexico
Woodfurt;Alaska
Bellstad;Wisconsin
Robinsonland;Nebraska
Michaelstad;Alabama
Bradfordtown;Minnesota
South Christina;Utah
Steeleville;Virginia
North Rhonda;Georgia
Matthewchester;Kentucky
Lake Tiffany;New Jersey
Elizabethfort;New York
South Olivia;Colorado
Wallland;Colorado
Port Lori;New Hampshire
Lake Zachary;Pennsylvania
Port Lucasview;South Dakota
Williamsshire;Kansas
North Stephenshire;Minnesota
North Kennethland;Maine
Caseyside;Wyoming
Myersbury;Georgia
Lake Mirandamouth;North Dakota
North Laura;Alabama
South Gregory;California
Lake Angelabury;Illinois
Transtad;Missouri
North Kennethchester;Maine
Rebeccafurt;Alaska
Benjaminfurt;Georgia
Rodriguezside;Florida
Henrytown;Vermont
Lake Meghan;New Mexico
Port Bethany;New Mexico
Butlermouth;Wyoming
North Lindaton;Kentucky
Allenberg;Maine
Clarktown;Minnesota
Robertport;Alaska
Timothyside;Mississippi
East Michael;California
Mannchester;South Dakota
Rayton;North Carolina
East Jenniferview;Massachusetts
West Allison;Hawaii
Deckerburgh;Missouri
Stevenstad;Washington
Poolefurt;Rhode Island
West Ashley;Louisiana
East Paul;New York
Port Natalieton;Oklahoma
West Pamela;Wyoming
Cynthiaville;Illinois
Tabithamouth;New Mexico
West Nicolefort;Arkansas
Cameronside;Mississippi
South Kennethport;Louisiana
New Donnatown;Arizona
Larsonfort;North Carolina
Haysburgh;New Mexico
New Jacob;Alaska
Port Garyhaven;Nevada
Smithborough;New Jersey
East Nataliemouth;Alabama
Port Jonathan;Arizona
New Benjamin;Minnesota
Wangborough;Ohio
East Matthew;Alaska
Port Lindseyland;Hawaii
Mitchellmouth;Florida
East Alejandrafort;Massachusetts
South Valerie;Kentucky
Lake Cristianstad;Rhode Island
Amandashire;Vermont
West Pamela;Wyoming
Lake Jamie;Colorado
Haydenhaven;Washington
East Christina;New Mexico
Lake Erikburgh;South Carolina
South Sherry;Kansas
Lake Brookeburgh;Kansas
Pattersonstad;Montana
Riveraton;Oregon
Crystalport;North Dakota
Krauseborough;Maine
Goodmanhaven;Maryland
Adamsland;Pennsylvania
Frankchester;Connecticut
Charlesside;Kentucky
South Victormouth;California
Matthewshire;Alaska
Lake Jodimouth;Vermont
Lindaborough;Iowa
East William;Michigan
North Tyler;Vermont
Dixonfurt;North Dakota
East George;Mississippi
Larafort;Oregon
Lake Josemouth;Maine
West Matthewchester;Michigan
Lake Aliciamouth;Montana
Port Beth;Maine
Walkerborough;Arizona
Evansmouth;Vermont
South Dianaborough;Indiana
Alvarezshire;Nebraska
Jonathanfort;West Virginia
Brandontown;Rhode Island
West Jennifertown;Tennessee
Jesseville;Alaska
Lake Angela;Connecticut
Chandlerbury;Maryland
East Michael;Montana
East Bryanbury;Oregon
South Debbie;Louisiana
North Paul;Delaware
Anthonyton;Illinois
Andersonview;North Dakota
Elizabethburgh;California
New Maryfurt;Hawaii
Stephensonburgh;Kentucky
East Gregory;Louisiana
South Greg;Kentucky
North Sarah;Ohio
Richardchester;New Jersey
Johnsonside;West Virginia
East Jill;Maine
Mccoyberg;South Dakota
West Dennis;Georgia
Matthewborough;Maine
Port Jasonborough;New York
Lake Michelle;Maine
Brianside;California
Garciaton;Wyoming
Stonebury;Alabama
Jeffreyborough;Connecticut
Mooreburgh;Vermont
Jasonland;West Virginia
Jeantown;Idaho
East Nicole;Tennessee
North Stephen;Kansas
Lake Kristen;Washington
New Timothyville;South Carolina
Hunterland;Indiana
East Veronicamouth;Utah
Meyerville;New Hampshire
Lake Angela;New Hampshire
West Josephhaven;West Virginia
West Courtneystad;Michigan
Brayland;Alabama
Shannonhaven;Kentucky
Ballmouth;Washington
Leeshire;Nevada
West Amber;Alabama
East Lawrenceshire;Pennsylvania
West Isabelville;West Virginia
North Anthony;Oklahoma
Craigmouth;Vermont
South Brittanyton;Nebraska
North Angelaborough;Rhode Island
Lake Michael;Mississippi
Lake Brettville;Nebraska
West Susan;West Virginia
Alvarezfort;South Dakota
Henryshire;Vermont
Connieport;Wyoming
East Stephanieside;Arizona
Huertaview;Illinois
Lake Ashleymouth;Florida
Robertborough;Idaho
West Jerryfurt;Wisconsin
Lake Ryan;Illinois
East Michellestad;New Hampshire
North Tylerton;Michigan
Browningmouth;Connecticut
Batesview;Massachusetts
Griffinshire;Illinois
Norrisbury;South Dakota
Lake Mariahaven;Delaware
Schultzfurt;Delaware
Michaelchester;Nevada
West Stacymouth;Kansas
Guerrerobury;Hawaii
Denisestad;Ohio
Andrewbury;Texas
Rubenton;Texas
Allenland;Hawaii
North Linda;Tennessee
Port Martinburgh;North Carolina
New Brandiberg;Hawaii
Bennettstad;Alabama
West Rebekah;Georgia
Goodmanshire;North Dakota
Ianside;South Dakota
Lake Stevenhaven;Idaho
Lake Jameshaven;Maryland
Cardenasfurt;Idaho
North Antoniotown;Utah
Jacksonstad;Vermont
Wilsonborough;Connecticut
Johnsburgh;Nevada
North Elizabethshire;New Hampshire
Port Austinton;Pennsylvania
Lopezburgh;Idaho
Port Benjamin;Colorado
Port Makaylachester;North Dakota
East Christopherfort;Iowa
Port Kennethside;Mississippi
Port Michael;Arkansas
Ericton;Illinois
East Tannermouth;Kentucky
Carmenville;Indiana
Taraton;Alaska
Matthewmouth;New York
North Laurentown;Missouri
Johnsonbury;Mississippi
Walkerstad;Idaho
Shawnberg;Vermont
Deborahhaven;Montana
Rodriguezside;Nevada
Lake Natalietown;Pennsylvania
North Jonathanside;Kentucky
Samanthashire;New Hampshire
Rodriguezborough;Texas
Aprilfurt;Montana
Curryshire;Colorado
Lake Michaelland;Virginia
Hahnshire;Montana
Lake Michelleport;Alaska
Port Steveland;Oklahoma
Gonzalesport;Idaho
Staceystad;Maine
Brandymouth;Virginia
Thomasside;North Dakota
South Andrewstad;Mississippi
Luismouth;Mississippi
North Carlos;Wisconsin
Laurenchester;South Carolina
Port Susan;Alabama
West Betty;Georgia
Cameronmouth;Tennessee
Sherrymouth;Hawaii
South Michelleshire;Arkansas
Dukeburgh;Alabama
Sarahton;Oklahoma
Stephenview;South Carolina
Barrettfort;Nevada
New Alexisborough;Indiana
Port Rhondastad;Georgia
Williamland;Montana
New Alanport;Nebraska
New Jorge;Wisconsin
Port Jacqueline;Arkansas
New Mary;Louisiana
Jerryville;New Mexico
South Barry;Wyoming
Vanessabury;North Carolina
North Daniel;Utah
Margaretview;Kentucky
Lake Patrick;Minnesota
West Sara;Colorado
Port Heathertown;Nevada
East Christine;North Dakota
Lake Wendybury;Kentucky
Port Jamesside;Delaware
Freemanland;Mississippi
Walterfort;Ohio
Melaniehaven;Idaho
Higginshaven;Washington
Stephenview;Connecticut
South Paul;Missouri
Lake Andrewshire;Ohio
West Alexside;Montana
Port Charlesborough;Kansas
West Lucasmouth;West Virginia
Kimberg;Michigan
Lake Ryanbury;Massachusetts
Grimesborough;Utah
Jesseton;South Carolina
Leeport;Colorado
South Suzanne;Ohio
East Ellenburgh;Washington
Lake Ryan;Mississippi
Lake Julie;Alabama
Lake Jacobville;New Jersey
East Paula;Iowa
South Samuelhaven;Texas
Millerland;Alabama
East Jesseton;Montana
South Blake;Virginia
New Michael;Alaska
Danaport;North Dakota
East Juan;New Jersey
Armstrongstad;Michigan
Ericville;Texas
Morrisside;New Jersey
West Jenniferborough;California
Lake Andrew;Mississippi
Lake Patricia;Rhode Island
Port John;Colorado
South Lisa;Massachusetts
West Michael;West Virginia
Wilsonmouth;Mississippi
Josetown;Connecticut
Mariatown;Nevada
Port Steven;Iowa
New Sarahside;Oregon
Port Lori;Louisiana
Lake Gary;Minnesota
Aaronstad;Colorado
Kathleenshire;Connecticut
West Christina;Oklahoma
Tammyville;North Carolina
Stephanieport;California
Jonesshire;Texas
Lindaville;South Carolina
Wendyville;Indiana
Russellmouth;Iowa
New James;Indiana
Davidborough;North Dakota
Oconnellburgh;Louisiana
Hallport;Iowa
Dominiqueborough;Indiana
New Dennisport;Idaho
Michaelton;Idaho
Adkinshaven;Utah
North Brian;Rhode Island
New Stevenbury;Utah
Angelaton;Idaho
West Tyler;New Mexico
North Ethanland;Washington
Murphyborough;Oklahoma
Port Victorville;Colorado
East Davidberg;Hawaii
Lake Nicoleburgh;New Mexico
Port Timothy;New Jersey
Josephshire;South Carolina
Kimtown;Wisconsin
Lake Eric;Georgia
South Raymondville;Vermont
Davidton;Louisiana
West Lindaborough;Massachusetts
Rodriguezberg;Oregon
East Jessica;New Mexico
Davidchester;New Jersey
South Carriestad;New Hampshire
Taylorport;California
Kevinborough;South Carolina
Adamfurt;Minnesota
Sarahberg;Utah
Lake William;Virginia
Isaacburgh;Florida
Vincentborough;Connecticut
Johnsonmouth;Hawaii
Lake Lisa;South Dakota
North Kevin;Arizona
Wilcoxside;Hawaii
North Andrea;North Dakota
West Amy;Ohio
Stevenmouth;Alaska
West Jessica;Nevada
Stephaniestad;Missouri
Pattersonport;Maryland
Leeberg;Alabama
Whitefurt;Pennsylvania
New Jeremy;Illinois
Heatherview;Iowa
West Gabrielhaven;Nebraska
Hinesborough;Connecticut
Annaport;California
Flynnfort;Kentucky
Lake Raymond;Kansas
Amyview;Texas
Keithburgh;Mississippi
East Carmenberg;Florida
Micheleberg;Arizona
Gilmorefort;Alaska
Davidburgh;Arkansas
East Alex;Arizona
Port Tiffanyside;Indiana
Lopezborough;Nevada
North Kelly;Kansas
New Kelly;Michigan
East Charles;South Dakota
South Alexandrahaven;Florida
South Timothyberg;Vermont
East Markton;Washington
Brandonshire;Pennsylvania
Annebury;Colorado
Troybury;Louisiana
Lake Danny;South Dakota
New Johnport;New Jersey
Starkberg;Rhode Island
Port Derek;South Dakota
North Tammy;South Carolina
Melissaside;Washington
West Justinside;Tennessee
Tonimouth;Georgia
Jonesfort;Delaware
East Jacquelinefurt;Idaho
Charlesfurt;Illinois
New Laura;North Carolina
Port Gavin;Utah
Petermouth;Minnesota
Williamsshire;New Jersey
West Christopherton;New Hampshire
North Catherinetown;South Dakota
Port John;Michigan
Colemanville;Minnesota
Blakebury;Texas
New Peggymouth;Hawaii
Moodymouth;Missouri
South Stephanie;Idaho
Estradaport;Idaho
Port Jessica;Delaware
Beasleybury;Oregon
Rodriguezton;Tennessee
Port Kellymouth;California
Jenniferview;Illinois
South Briannashire;Utah
North Karenchester;Utah
Masonfurt;South Dakota
East Tiffany;Tennessee
Holmesshire;Maine
East Tiffany;Vermont
Michaelmouth;Louisiana
Cruzland;South Carolina
West Rebeccaberg;Texas
Sarahhaven;Iowa
Simmonsview;Nevada
Perryburgh;New Mexico
Bethhaven;South Carolina
Lake Pamelashire;Nebraska
Erinmouth;North Dakota
West Karentown;Arkansas
Georgetown;Ohio
Masonhaven;South Dakota
South Juan;Nebraska
Davidland;Nevada
North Kendrashire;West Virginia
South Mark;Maryland
Jenniferhaven;Virginia
Rodriguezfurt;Nebraska
South Joshua;New York
Hicksmouth;Georgia
North William;Nevada
Port Kevinborough;Maryland
Port Jeremy;Colorado
Davisshire;Connecticut
West Cindy;Wisconsin
Walkerland;North Dakota
South Bob;Arizona
North Virginia;California
Patrickshire;Wyoming
Stevenborough;Hawaii
North Timothystad;Massachusetts
West Melissatown;Arizona
Santanatown;Kentucky
Lake Terri;Colorado
Emilyside;Texas
East Amybury;Massachusetts
New Michael;New Hampshire
Perezburgh;Delaware