Daniel Landing;2337;290
Black Streets;2464;34
Stewart Mountain;1613;79
Smith Port;925;844
Donald Springs;429;698
Garcia Street;546;325
Bauer Neck;3895;536
Davis Ridges;4783;993
Christopher Passage;3480;314
Jerry Corners;4163;499
Bishop Way;3832;251
Stephanie Mountain;4994;426
Tyler Streets;294;703
Gordon Drive;535;932
Jacob Manor;2491;297
Donna Extension;4838;620
Hayes Wells;4280;133
Reid Freeway;946;272
Shannon Groves;4102;708
Crystal Avenue;781;216
Benjamin Crescent;4057;750
Kevin Plain;1786;30
Harper Mountains;1408;433
Clark Circles;885;686
Martinez Path;4360;319
Dawn Ramp;4452;848
Silva Course;3410;978
Thompson Stream;449;193
Mike Route;410;219
Miles Shoals;4351;530
Julia Junction;2506;257
Hays Extensions;3203;651
Phillip Lane;4189;163
Elizabeth Trail;3143;845
Sawyer Ville;1303;728
Hannah Union;173;956
Anthony View;2832;468
Tiffany Common;3016;441
Kristina Point;670;179
Harris Manor;698;546
Kelly Meadow;1825;773
Karen Shoal;4588;522
Avila Loop;1426;416
Michael Inlet;1669;638
Angela Mews;3036;615
Catherine Falls;4161;388
Jasmine Expressway;4141;458
Williams Viaduct;1223;542
Mary Fork;2635;58
Skinner Junction;2324;628
Smith Square;1138;527
Bryant Turnpike;1086;567
Petersen Cove;3461;425
Schwartz Underpass;2610;15
Tara Harbors;450;113
Cox Shore;1857;630
Austin Throughway;722;912
Jasmin Glen;2467;218
Jennifer Brook;437;962
Morrow Unions;607;560
Luna Ville;4246;732
Steele Spring;1292;520
Dale Rapids;3309;762
Mark Union;2515;823
Cobb Roads;1704;348
Brandy Squares;2593;300
James Run;4642;578
Monica Mills;217;928
Robert Extension;1791;677
Davis Villages;1138;70
Thomas Prairie;1739;736
Jackson Prairie;578;612
Michael Parkways;4433;27
Sanchez Drive;4909;364
Hernandez Courts;4584;531
Clark Stream;4283;373
Lowe Causeway;4495;894
Christian Plains;3231;958
Dorothy Harbor;548;575
Stevens Light;3623;7
Heidi Port;1131;551
Jennifer Wall;1132;709
Connor Coves;2687;355
Justin Bypass;2743;228
Andrew Meadows;3784;747
Reilly Hills;2796;107
Hill Manors;3664;328
Williams Hollow;2727;507
Anthony Parkway;2376;375
Jackson Inlet;1730;555
Jones Station;3292;710
Thomas Plaza;1370;581
Lewis Isle;3711;656
Edwards Garden;4960;192
Meza Throughway;385;420
Parsons Mission;4585;198
Wilson Islands;3448;351
Lucas Flats;115;946
Amy Mountains;2137;991
Thomas Lane;2397;488
Joshua Highway;207;815
Wiley Point;1394;284
Sarah Walk;4828;969
Christina Overpass;4453;265
Valdez Turnpike;1464;981
Tracy Light;120;318
Hicks Tunnel;3087;294
Kari Pine;4062;43
Katrina Unions;367;28
Brian Forge;4680;301
Suzanne Isle;459;490
Schneider Villages;477;126
Dustin Well;2181;386
Mark Plaza;3050;465
Johnson Radial;2249;99
Dale Glen;1879;186
Laura Track;2560;359
Jose Spurs;4863;292
Owens Square;3947;573
Christina Drive;408;52
Anderson Island;4318;2
Melinda Club;120;593
Melissa Plaza;1018;864
Emma Pines;3115;645
Bartlett Estates;3460;482
Julie Island;2823;349
Elizabeth Haven;1957;65
Sara Wall;1491;720
Matthew Walk;3503;722
Robert Avenue;549;435
Glen Circle;228;707
Campbell Forks;2645;525
Donald Shores;665;376
Jeffrey Court;1904;418
Gonzalez Springs;2808;565
Barr Point;3271;902
Jennifer Glens;3020;296
Matthew Streets;2641;580
Martin Camp;1829;121
Todd Center;691;379
Mckenzie Land;2565;891
Middleton Pike;710;45
Gregory Fall;4175;738
Cynthia Summit;3616;589
Robert Plain;557;911
Michael Shores;2739;377
Sarah Ford;63;252
Robert Bridge;2802;858
Madeline Expressway;3482;610
Richardson Branch;284;154
Perez Springs;4664;713
Brandon Ferry;3910;306
Roberts Meadows;2125;855
William Radial;1451;943
William Circle;2798;550
Juan Springs;1190;751
Fletcher Ridge;2627;106
Bell Valleys;3601;952
Angela Point;562;413
Michelle Summit;4352;114
Edwards Viaduct;1542;277
John Wells;2107;853
Hanson Crossroad;4340;766
Kelley Drives;2883;443
Smith Island;4828;775
Ramirez Valleys;370;876
Stone Turnpike;1748;883
Cole Roads;1298;245
Jason Oval;1315;273
Kelly Place;2950;350
Jessica Cove;2582;38
Julia Shore;4609;320
John Oval;3132;9
Young Mill;4508;187
Matthews Squares;1270;487
Kyle Route;1931;406
Brett Lights;2457;505
Dixon Knolls;3851;221
Bryce Summit;697;127
Grace Oval;791;826
Timothy Key;2411;618
Timothy Meadows;799;603
Lisa Oval;919;557
Allison Crescent;3400;519
Juarez Parkways;408;510
Beverly Ridges;2830;408
Gregory Drive;2287;803
Christopher Place;1951;120
Aguilar Meadows;2865;47
Louis Street;1282;132
Dean Row;897;532
Luis Curve;567;671
Meghan Heights;3405;262
Arthur Springs;3524;918
Katherine Green;275;861
Robert Oval;52;446
Johnson Burg;945;637
April Plaza;3362;242
Jake Haven;3957;779
Wilson Ports;4240;49
Harvey Isle;45;539
Erika Plains;2481;354
Smith Lane;3022;367
Crawford Parks;4267;447
Bartlett Key;4900;569
James Dam;4528;485
Morris Row;3201;836
Jill Harbor;1923;574
Tracy Alley;1495;959
Ryan Light;3410;90
Travis Mountains;3872;35
Phyllis Greens;4003;147
Booth Street;3200;26
Madden Pines;3179;345
Rose Cliffs;2081;561
Cheryl Station;3861;540
Martin Junctions;549;611
Jennifer Radial;1749;631
Schmidt Skyway;3833;213
Burton Cliffs;4106;613
Horton Brooks;4959;772
Castillo Stream;2894;769
Smith Flat;1431;493
Franco Manor;3980;807
Robles Mount;4810;941
Bryan Vista;1283;626
Dustin Expressway;4063;31
Shawn Tunnel;1020;767
James Walks;3092;915
White Trail;658;509
Jordan Branch;993;390
Baxter Tunnel;1499;241
Robert Union;2730;161
Guerrero Track;2088;287
Amy Flat;2444;110
Robin Square;4073;293
Stone Streets;3568;887
Sara Parkway;4786;195
Munoz Summit;2388;965
Misty Meadows;1257;871
Buchanan Island;2017;503
Cody Glens;2894;782
Smith Spur;3032;838
John Lock;4377;255
Andrea Alley;2119;863
Garcia Light;367;69
Michael Passage;2266;165
Bryan Hills;2046;623
Carl Station;2347;600
Jones Village;62;953
Kelli Walks;3986;417
Theresa Crossing;3770;155
Freeman Spurs;1645;808
Scott Glen;2542;721
Mcgrath Burg;4333;236
Jones Prairie;2183;347
Jacobson Points;2624;136
Taylor Ford;2969;170
Smith Greens;2599;217
Hatfield Lights;4733;795
Brown Drives;987;980
Brittany Vista;2964;564
Michelle Land;2819;528
Paul Pass;4179;44
Stephen Shoals;1034;870
Dixon Coves;571;577
Cameron Grove;1875;143
Maxwell Skyway;3414;118
Kyle Mountains;3379;476
George Drive;247;680
Robles Key;4955;334
Shaffer Alley;2707;897
Brown Pine;963;427
Johnson Prairie;4219;396
Copeland Manor;87;585
Johnson Union;375;885
Lisa Mount;1913;541
Orr Isle;4400;687
Laura Orchard;4003;784
Hart Pass;4970;68
Sanders Turnpike;3411;543
Jose Inlet;2963;393
Armstrong Way;2567;362
Angela Path;4553;409
Nixon Green;2017;222
Martha Mountain;3010;183
Beasley Skyway;265;903
Duffy Extensions;2153;308
Vargas Mountain;1911;299
Douglas Mission;2963;696
Turner Crest;2041;948
Julie Landing;4988;491
Matthew Isle;3716;204
Henderson Flats;2835;930
Edward Trail;3107;225
Sanders Vista;1011;401
Rodriguez Bridge;387;371
Dylan Branch;4033;801
Wright Plains;4765;395
Kimberly Village;2240;869
Nelson Haven;2304;428
Deleon Lodge;3989;283
Russell Unions;4903;14
Hardin Island;2169;382
Turner Plain;924;266
Reyes Square;2746;123
Tyler Haven;4689;164
Pittman Estates;649;616
Katie Stravenue;4289;877
Tammy Fork;1905;97
Angela Path;2119;950
Young Valleys;1503;513
Jacob Freeway;480;346
Lisa Avenue;4276;169
Scott Viaduct;4169;343
Bowman Summit;4069;151
Alex Dam;4510;665
Rebecca Land;3684;718
Miles Cliff;4718;850
Mcdonald Glen;188;681
Orozco Route;4029;929
Toni Forges;4635;466
Adrienne Shoals;1939;177
Thomas Orchard;2459;799
Johnson Vista;2340;202
Matthew Lake;1599;289
Ryan Estates;1707;29
Jonathan Villages;390;322
Harrington Walks;4429;414
Alvarado Knoll;3946;474
Gray Ramp;3321;882
Erin Plain;3636;51
Ferguson Orchard;1450;588
Newton Brooks;4061;453
Barrett Ranch;3790;394
Berry Glen;288;87
Gray Rest;742;904
Jenkins Squares;2334;54
Ryan Heights;3130;181
Wendy Mission;4763;103
Carroll Mission;4702;405
Lindsey Creek;1977;592
Stone Roads;2433;158
Sanchez Ports;2921;744
Sarah Shore;2613;23
Grant Key;863;145
Amanda Divide;3257;66
Stephanie Points;3580;841
Trevino Meadow;2115;220
Flowers Motorway;1176;189
Brad Centers;2318;805
Blake Port;205;649
Deanna Ranch;1181;936
Peter Centers;4958;804
Griffin Vista;742;668
Ball Mount;370;712
Wells Freeway;1093;274
Andrew Drive;658;748
Jacobs Heights;4601;860
Castro Village;1421;619
Mccarthy Greens;1612;607
Cody Fields;1050;594
Kelly Curve;961;67
Taylor Flats;3243;117
Riggs Locks;2789;235
Ramirez Alley;3631;128
Nelson Stravenue;1184;32
Patrick Highway;3168;201
Smith Inlet;139;669
Anderson Circle;1987;237
Martinez Crossing;1383;94
Emily Divide;4600;342
Melissa Cliffs;2577;247
Joseph Points;1327;407
Ruben Land;3143;92
Morales Harbors;565;307
Amanda Route;4204;896
Jessica Loaf;1540;17
Moore Lane;3986;921
David Fields;4721;742
Garrett Squares;769;180
Kim Court;359;249
Dorsey Creek;4460;449
Wallace Locks;421;8
Mendez Islands;4618;800
Gamble Forks;1563;472
Pitts Hills;1190;199
Nicole Shore;2158;816
Susan Overpass;3579;85
James Spurs;1496;920
Andrew Hill;2216;689
Kara Common;221;851
Matthew Overpass;2386;917
Elizabeth Underpass;4268;260
Miranda Flats;2699;827
Eric Port;4914;421
Austin Shores;4528;859
Cherry Mall;3481;100
Marcus Trace;2193;176
Allison Ridges;609;643
Davis Place;2739;250
Christopher Flat;2187;966
Jenna Skyway;340;494
Cox Estates;2243;866
Nicole Extension;3567;338
Jackson Station;3660;400
Shea Branch;2644;973
Jones Squares;1924;392
Johnson Lights;3743;783
Hess Trail;819;173
Chaney Loaf;429;548
Hancock Lakes;4645;746
Danielle Meadow;1025;138
Theresa Fork;1679;372
Patel Station;2704;19
Jacob Falls;4045;210
Russell Mill;4135;124
Teresa Circles;85;702
Johnston Roads;3841;137
Wesley Road;308;323
Wright Plains;4824;194
Anthony Rue;1750;839
Martinez Fords;250;614
Michelle Plaza;1745;399
Debra Brook;3491;854
Courtney Roads;4818;358
Lydia Walk;1886;59
Brian Mission;1977;311
Richard Rapid;142;945
Gutierrez Center;3068;524
Catherine Underpass;2823;963
Shannon Overpass;3826;796
Gonzalez Village;3810;57
Christopher Unions;1401;238
Castillo Rapid;973;10
Elizabeth Locks;106;764
Melvin Bridge;940;25
Banks Run;3847;518
Regina Knoll;822;313
Campbell Viaduct;3561;729
Katherine Overpass;4417;995
Elizabeth Villages;3127;514
Brooke Mission;1442;246
Lawrence Trail;940;521
Robinson Burgs;1870;95
David Walk;4119;40
Anderson Crescent;3733;690
Cole Knoll;4360;337
Williams Spurs;80;768
Fisher Walk;1039;160
Smith Brooks;4912;717
Melinda Alley;1786;381
John Cliffs;4054;310
William Ferry;1355;231
Samantha Squares;4547;76
Kristen Prairie;2276;159
Kenneth Views;4686;813
Morris Mountains;2345;971
Daniel Walk;1689;598
Lowe Wall;3196;765
Jose Mall;4927;84
William Brook;1322;208
Rachel Lodge;525;298
Malik Street;2563;139
Rebecca Mission;2154;714
Hill Pike;2243;366
Sherry Ports;33;688
David Village;2853;363
Sarah Track;1074;356
Weaver Oval;3896;650
Oliver Spring;1453;74
Romero Causeway;2369;50
Sandoval Street;2145;840
Meghan Ridges;4627;480
Lewis Ferry;23;622
Hendricks Estates;1795;429
Mindy Common;3698;21
Joseph Highway;3558;982
Turner Islands;2472;450
Zachary Meadows;1376;679
Smith Trail;3820;910
Wanda Union;1612;475
Holt Brooks;614;811
Antonio Glen;3951;48
Virginia Manor;3574;597
David View;2459;182
Ayala Passage;1934;285
Johnny View;191;545
Davis Tunnel;3224;175
Anthony Canyon;3333;96
Harrington Row;729;511
David Avenue;3232;664
Ayers Valleys;1673;884
Ashley Branch;1447;726
Ashley Tunnel;1559;862
Daniel Summit;1474;646
Angela Isle;2302;627
Michele Expressway;569;606
Bonnie Manor;4012;886
Carrie Ville;925;357
Dominique Path;3697;888
Perez Forks;3425;501
Julie Mall;2214;93
Andrew Forge;4909;254
Deborah Ramp;2035;6
Morrison Drives;3976;46
William Overpass;2879;144
Andrea Locks;3367;486
Gardner Street;2688;150
Burns Flat;4701;852
Morgan Drive;4135;384
Rodriguez Neck;2140;175
Johns Ports;3387;961
Castillo Club;603;80
Kathleen Mountains;1955;682
French Row;4462;445
Young Ports;1295;938
Stephanie Crest;3871;20
Michael Ridges;1888;326
Cox Squares;1472;818
Hughes Orchard;4036;789
Lewis Road;2513;794
Jacob Mews;2999;122
John Haven;4923;820
Vargas Ville;587;411
Jessica Viaduct;2839;278
Mccarthy Drive;3409;148
Patel Points;2548;964
Leach Ways;1477;798
Edwards Throughway;1850;39
Jesus Overpass;4724;670
Harvey Hills;4957;340
Cameron Trafficway;1291;640
Cassandra Locks;4387;11
Hutchinson Walk;1965;988
Matthew Knolls;931;244
Jennifer Springs;2899;608
Guzman Stravenue;2559;12
Jackson Haven;3443;951
Frank Burg;4142;227
Taylor Junction;683;786
Perkins Harbor;2427;207
Mahoney Street;1237;868
Caitlin Parkway;3889;515
Curtis Light;1564;660
Fisher Tunnel;4448;497
Brian Canyon;1122;846
Stuart Mountain;2322;462
Phillips Mills;4255;927
Nicholas Valleys;3460;596
Bruce Orchard;4945;448
Emily Walks;3224;791
Douglas Loaf;2674;71
Kelsey Manors;3992;878
Conley Ford;246;914
Stephen Forest;2331;780
Johnson Prairie;1413;976
Howard Shoal;1643;676
Brittany Cliffs;348;562
Howard Drive;565;916
Lauren Knoll;4996;135
Clay Port;102;174
William Point;2707;240
Shawn Squares;5;754
Jones Course;2058;968
Austin Brook;2228;33
Raymond Extension;2446;711
Brittany Land;4764;481
Megan Crescent;728;172
Anderson Track;1063;582
Cox Valleys;4386;508
Jonathan Burgs;1629;469
Ortiz Extensions;2480;434
Megan Freeway;4621;719
Mckinney Cliff;1800;24
Stewart Cove;1519;129
Andrea Stream;3184;998
Zachary Turnpike;3319;464
Karen Drives;3882;190
Townsend Wall;3494;83
Edwards Well;2212;332
Angela Street;3668;579
Aguirre Pike;50;89
Bradley Oval;1837;834
Sarah Parkway;1382;437
Williams Loop;4381;385
Gomez Club;349;790
Walker Prairie;297;316
Walker Run;3331;209
Alyssa Park;2809;788
Day Valley;3181;572
Dennis Vista;1818;327
Dwayne Garden;3126;906
Rebecca Village;4949;321
Desiree Cliffs;1580;693
Cook Plains;170;352
Oscar Spurs;4365;258
Makayla Pine;3943;635
Smith Gardens;3661;873
Sharon Loop;546;974
Brenda Route;1358;73
Erik Plain;4829;621
Solis Isle;569;205
Chelsey Highway;1804;931
Williams Common;1665;652
Cathy Turnpike;4822;942
Campbell Island;667;647
Burch Lights;4255;200
Miller Green;3785;125
Amy Fords;3591;544
Hamilton Villages;4139;558
Singh Harbors;1123;727
Thomas Squares;3412;777
Debra Lights;2666;937
Brown Way;666;214
Jenna Key;2222;989
Vanessa Crescent;3633;749
Raymond Circles;1851;261
Brown Lakes;1433;267
Curtis Hollow;43;899
Matthew Crest;2158;331
Silva Circles;3812;288
Williams Drive;3271;330
Mclaughlin Center;4604;753
Marissa Underpass;2668;865
Melinda Harbors;3504;857
Stephens Mill;2258;830
Kelly Locks;4694;785
Crystal Land;2894;571
Richard Turnpike;3403;926
Michael Path;1578;553
Bennett Park;1857;460
Sellers Glen;2152;954
Kelly Divide;2733;478
Kathleen Burg;3154;986
Suzanne Meadow;4787;997
Hill Turnpike;4087;156
Ryan Stravenue;476;875
Diamond Walk;1057;604
Cooper Circles;4420;477
Maynard Pines;1117;809
Drew Locks;3734;184
Dustin Isle;2223;793
Keith Views;563;731
Perkins Village;4379;654
Evans Pike;64;924
Robert Turnpike;3115;3
Richardson Avenue;1008;984
Miller Overpass;1868;196
Stewart Mountain;3433;996
Valdez Land;4168;837
Foster Course;974;378
Wang Unions;3866;605
Bradley Isle;324;224
Jordan Coves;780;516
Jose Mews;469;484
Hogan Stream;3309;361
Calhoun Garden;1255;601
Rodriguez Square;2094;632
Lisa Light;430;276
Lopez Mill;1731;908
Sparks Knoll;499;874
Poole Fall;2585;879
James Wall;782;302
Martinez Street;596;900
Jackson Road;4204;538
Sherman Field;1441;341
Lisa Rue;1057;368
Heath Shores;1960;53
Lisa Course;1036;374
Stephanie Plains;3558;259
Ronald Mews;2690;167
Duncan River;2146;960
Wilkins Lane;4186;819
Jason Parks;3563;835
Johnson Estates;2003;533
Chad Course;1928;101
Jeremy Tunnel;3194;529
Fernandez Harbor;4591;994
Lee Fall;3195;415
Jennifer Place;354;549
Benjamin Inlet;1341;639
Neal Village;1276;972
Monique Falls;615;674
Natasha Bypass;2701;685
Riley Unions;3734;568
Levine Trail;4219;380
Brandy Coves;134;115
Burnett Plains;3612;683
Rivera Rest;3182;812
Bailey Green;3589;37
Phillips Hollow;4690;881
Nancy Point;3306;455
Cynthia Mountains;2754;890
Cruz Common;2367;822
Anthony Bypass;134;263
Adams Rapids;1149;78
Buckley Views;1031;223
Hernandez Square;4694;185
Wall Plain;4959;700
Christie Lodge;380;419
Zachary Roads;3912;483
Kimberly Lakes;3127;699
Denise Island;1977;4
Helen Bridge;4242;907
Ronnie Corners;4260;360
Danielle Drives;1817;391
Brittany Lock;1916;633
Moss Canyon;1159;892
Garcia Union;4239;667
Kyle Points;3211;370
Brittany Walks;284;22
Cody Stravenue;1182;992
Griffin Unions;2760;817
Jessica Isle;2495;919
Andrea Rapid;1878;583
Jessica Ville;474;901
Wright Roads;2592;324
Trujillo Rapids;2278;641
April Square;1580;734
Fernandez Islands;3167;705
Welch Knoll;1034;829
Robert Pines;558;872
Melissa Mews;321;211
Javier Points;2099;295
Vincent Port;4847;149
Jean Street;2655;402
Bradley Wall;4957;648
James Turnpike;3313;933
Gallegos Flat;450;905
Jennifer Locks;1333;776
Teresa Grove;1777;821
Kyle Fork;471;867
Carter Spring;4319;232
Adams Fall;2958;748
Alexandra Underpass;1489;934
Christopher Park;4570;456
Navarro Cliffs;4078;733
Daniel Cape;4797;925
Edwards Street;578;590
Melissa Neck;3344;77
Marcus Heights;2550;109
Myers Unions;1398;264
Jacqueline Manor;1295;655
Vance Ridge;2586;81
Kayla Glens;4431;759
Stacy Well;4259;42
Reed Squares;2096;422
Lamb Terrace;3850;828
Tamara Island;670;842
Sarah Terrace;3352;91
Julie Key;121;197
Santiago Locks;3248;566
Cindy Terrace;708;61
Marvin Ferry;2200;944
Mark Crescent;94;617
Simmons Club;3287;824
Andre Meadows;1980;770
Conner Cliff;81;188
Hernandez Path;160;432
Johnson Junction;2540;18
Cain Junctions;260;856
Tyler Stream;3833;430
Karen Lodge;1378;831
Patel Wall;4650;502
Melissa Harbor;2426;303
Noah Green;111;60
Stevens Route;3442;599
Price Passage;4402;105
April Island;4125;761
Kirk Crest;1597;75
Williams Mount;4661;1
Michael Viaduct;2225;763
Washington Forge;3473;570
Gabriel Track;2261;119
Kathryn Courts;4153;280
Estes Oval;3763;206
Mark Summit;1549;239
Jordan Curve;1983;735
Dustin Forge;355;13
Welch Walks;3169;116
Doris Isle;1780;271
Chandler Mill;582;329
Kimberly Manors;1636;275
Stephanie Squares;4965;282
Brown Prairie;2710;739
Pace Row;2426;461
Richardson Pine;319;787
Palmer Court;1301;56
Tucker Keys;494;243
Casey Inlet;760;741
Andre Rue;2621;537
Huff River;3154;675
Amy Stravenue;4637;215
Patton Plains;3338;740
Stewart Vista;591;692
Campbell Common;2813;987
White Extension;1201;752
Jensen Landing;2646;369
Wilson Summit;4394;436
Molly Parks;675;967
Melanie Trace;680;730
Malik Fields;3220;970
David Burgs;2936;134
Ryan Lake;471;438
John Track;1613;955
James Centers;4445;442
Young Plaza;2184;333
Williams Meadows;3322;410
Welch Road;24;226
Mcgee Bridge;2343;248
Ashley Pines;1093;625
Alexander Mills;119;404
Weaver Forest;2386;595
Katherine Lake;307;451
Kevin Land;2466;281
Rodriguez Bridge;284;673
King Square;1595;947
Abbott Light;4417;684
Anderson Prairie;4147;16
Henson Junctions;36;171
Davis Route;1327;112
Hector Dam;3053;755
Robinson Drive;1464;153
Denise Keys;1424;62
Jennifer Place;724;725
Sharon Square;266;843
Richard Groves;2804;979
Stevenson Island;4135;98
Ayala Glen;440;504
Abigail Parks;4830;644
Martinez Keys;4936;489
Rebekah Station;2931;913
Paula Light;4482;985
Walters Alley;2098;880
Cross Mountains;602;440
Mary View;4399;893
Sherman Stravenue;4849;833
Mark Shore;634;760
Glass Stravenue;4952;389
David Avenue;297;576
Collins Ville;1856;949
Griffin Branch;4929;383
Holly Hills;1159;586
Massey Turnpike;2798;939
Webb Parkway;4188;36
Beverly Ranch;3304;629
Wanda Locks;4981;41
Desiree Stravenue;4246;457
Frazier Place;286;312
Gray Street;2133;716
Ayala Common;730;82
Emily Viaduct;2814;556
Bowers Inlet;3426;398
Patricia Locks;2020;757
Crawford Loaf;1247;602
Medina Parks;2480;152
Cassandra Branch;871;291
Amy Causeway;1981;315
Brown Extension;1718;55
Hart Valley;2490;666
Michael Gardens;3105;663
Randy Lakes;2385;72
Patrick Forges;2079;335
Lauren Crossroad;1360;86
Cory Street;1992;781
Martinez Glens;4281;774
Sandra Park;257;922
Lawrence Prairie;448;431
Kim Plains;1034;459
Jones Vista;2754;162
Nancy Corners;3322;229
Powell Mission;380;212
Smith Key;2418;983
Lisa View;2511;706
Bowers Points;1497;723
Rodney Ville;2539;695
Mendoza Canyon;198;792
John Radial;3182;166
Gonzalez Rest;2459;365
Brown Way;421;661
Reed Turnpike;3764;463
Pearson Harbors;548;492
Valerie Ways;3844;662
Macdonald Crest;2324;269
Patrick Corners;1670;672
Weaver Station;1747;743
Nichols Orchard;2865;554
Day Orchard;3308;737
Earl Shoals;4912;526
Thompson Throughway;1815;108
Andrea Mount;831;444
Warren Pine;3535;203
Leonard Cape;3636;470
Shelton Circles;3164;624
Tammy Way;2486;758
Julie Wall;2903;559
Cooper Station;2171;412
Emily Terrace;4644;471
Mills Fort;2954;234